wagon_id,wagon_type,wagon_capacity_tons,wagon_status,current_location,condition_score,age_years
WGN-0001,BCNA,59.1,Assigned,SID-2 Loading Point,79.4,7.7
WGN-0002,BCNA,57.6,Assigned,SY-A North Block,72.5,8.7
WGN-0003,BCNA,59.2,Assigned,SID-3 Loading Point,73.7,8.5
WGN-0004,BCNA,59.5,Maintenance,Loco/Wagon Repair Shed,89.8,4.9
WGN-0005,BCNA,59.5,Assigned,SY-C East Block,79.9,9.0
WGN-0006,BCNA,56.5,Assigned,SID-1 Loading Point,91.1,3.4
WGN-0007,BCNA,57.6,Assigned,SID-4 Loading Point,72.4,2.6
WGN-0008,BCNA,59.2,Assigned,SY-A North Block,92.7,6.8
WGN-0009,BCNA,59.2,Assigned,SID-6 Loading Point,97.3,5.7
WGN-0010,BCNA,58.5,Assigned,SY-C East Block,83.0,4.9
WGN-0011,BCNA,59.1,In Transit,Dhanbad Junction,72.0,10.5
WGN-0012,BCNA,59.5,Assigned,SID-4 Loading Point,83.3,18.6
WGN-0013,BCNA,58.0,Assigned,SY-B South Block,92.9,4.7
WGN-0014,BCNA,58.6,Assigned,SY-C East Block,77.3,15.5
WGN-0015,BCNA,56.5,Assigned,SY-C East Block,82.1,19.1
WGN-0016,BCNA,59.7,Assigned,SID-4 Loading Point,91.9,14.3
WGN-0017,BCNA,59.0,In Transit,Dhanbad Junction,92.0,17.0
WGN-0018,BCNA,56.1,Assigned,SID-3 Loading Point,78.9,17.9
WGN-0019,BCNA,58.2,Assigned,SID-4 Loading Point,83.1,10.1
WGN-0020,BCNA,58.2,Available,SID-2 Loading Point,93.6,18.9
WGN-0021,BCNA,59.2,Assigned,SID-2 Loading Point,78.5,4.2
WGN-0022,BCNA,59.9,Assigned,SID-6 Loading Point,82.1,3.4
WGN-0023,BCNA,57.6,Assigned,SID-4 Loading Point,82.9,19.9
WGN-0024,BCNA,57.7,In Transit,Dhanbad Junction,80.1,10.4
WGN-0025,BCNA,57.3,Assigned,SID-6 Loading Point,72.2,15.2
WGN-0026,BCNA,58.2,Assigned,SID-6 Loading Point,89.0,3.2
WGN-0027,BCNA,56.1,Assigned,SID-3 Loading Point,74.3,4.9
WGN-0028,BCNA,57.5,Assigned,SY-C East Block,96.9,14.7
WGN-0029,BCNA,58.6,Assigned,SID-4 Loading Point,73.6,16.4
WGN-0030,BCNA,59.4,Assigned,SID-5 Loading Point,77.7,16.2
WGN-0031,BCNA,56.6,Assigned,SY-A North Block,92.8,14.0
WGN-0032,BCNA,58.5,Available,SID-5 Loading Point,71.3,3.4
WGN-0033,BCNA,58.7,Assigned,SID-4 Loading Point,94.6,17.4
WGN-0034,BCNA,59.2,Available,SID-3 Loading Point,94.1,9.0
WGN-0035,BCNA,59.2,Available,SID-6 Loading Point,85.9,11.3
WGN-0036,BCNA,58.1,Assigned,SID-4 Loading Point,97.5,2.6
WGN-0037,BCNA,59.4,Assigned,SID-5 Loading Point,95.0,9.9
WGN-0038,BCNA,58.8,Assigned,SY-A North Block,79.4,6.1
WGN-0039,BCNA,59.5,Assigned,SID-5 Loading Point,97.5,10.6
WGN-0040,BCNA,56.9,Maintenance,Loco/Wagon Repair Shed,87.0,9.4
WGN-0041,BCNA,58.9,Assigned,SID-3 Loading Point,71.4,18.5
WGN-0042,BCNA,57.2,Assigned,SID-4 Loading Point,78.9,14.5
WGN-0043,BCNA,57.6,Assigned,SID-5 Loading Point,92.1,12.9
WGN-0044,BCNA,58.4,Assigned,SID-4 Loading Point,88.6,16.6
WGN-0045,BCNA,56.2,Assigned,SY-B South Block,80.9,7.4
WGN-0046,BCNA,57.6,Assigned,SY-B South Block,95.9,7.1
WGN-0047,BCNA,58.8,Assigned,SY-C East Block,84.1,16.3
WGN-0048,BCNA,56.6,In Transit,Gomoh Junction,70.9,15.1
WGN-0049,BCNA,59.1,Assigned,SID-2 Loading Point,86.1,6.5
WGN-0050,BCNA,59.5,Assigned,SID-2 Loading Point,73.3,12.2
WGN-0051,BCNA,58.3,Assigned,SID-2 Loading Point,80.9,17.5
WGN-0052,BCNA,59.9,Assigned,SID-2 Loading Point,93.0,3.7
WGN-0053,BCNA,57.3,Assigned,SY-A North Block,73.0,11.4
WGN-0054,BCNA,57.3,Assigned,SY-C East Block,77.3,11.0
WGN-0055,BCNA,57.7,Available,SID-4 Loading Point,84.0,16.7
WGN-0056,BCNA,59.3,Assigned,SID-2 Loading Point,76.9,10.0
WGN-0057,BCNA,57.7,In Transit,Gomoh Junction,90.9,15.6
WGN-0058,BCNA,58.6,Available,SID-3 Loading Point,90.6,11.7
WGN-0059,BCNA,56.4,Assigned,SID-5 Loading Point,75.5,3.1
WGN-0060,BCNA,58.0,Assigned,SID-6 Loading Point,73.9,16.5
WGN-0061,BCNA,56.4,Assigned,SY-A North Block,89.9,18.4
WGN-0062,BCNA,56.0,Assigned,SID-3 Loading Point,78.6,6.8
WGN-0063,BCNA,56.3,Available,SID-5 Loading Point,72.5,6.7
WGN-0064,BCNA,59.3,Assigned,SY-C East Block,95.8,10.0
WGN-0065,BCNA,57.2,Assigned,SY-B South Block,79.9,8.9
WGN-0066,BCNA,58.1,Assigned,SY-A North Block,71.7,18.3
WGN-0067,BCNA,57.5,Assigned,SID-4 Loading Point,96.9,16.9
WGN-0068,BCNA,57.8,Assigned,SY-A North Block,71.6,18.4
WGN-0069,BCNA,57.7,Assigned,SID-2 Loading Point,86.3,16.9
WGN-0070,BCNA,59.1,Assigned,SID-4 Loading Point,79.6,8.0
WGN-0071,BCNA,58.8,Assigned,SY-A North Block,81.9,19.1
WGN-0072,BCNA,59.8,Assigned,SY-C East Block,91.7,5.9
WGN-0073,BCNA,58.7,Maintenance,Loco/Wagon Repair Shed,80.0,4.2
WGN-0074,BCNA,57.5,Assigned,SY-A North Block,72.4,14.3
WGN-0075,BCNA,56.0,Assigned,SID-1 Loading Point,87.6,3.8
WGN-0076,BCNA,57.1,Assigned,SID-1 Loading Point,96.4,6.2
WGN-0077,BCNA,59.3,Assigned,SID-2 Loading Point,72.6,12.5
WGN-0078,BCNA,58.8,Assigned,SID-3 Loading Point,89.5,16.3
WGN-0079,BCNA,58.0,Assigned,SY-B South Block,76.0,15.1
WGN-0080,BCNA,56.4,Available,SID-2 Loading Point,88.4,4.8
WGN-0081,BCNA,57.7,Available,SID-6 Loading Point,92.6,5.6
WGN-0082,BCNA,59.9,Assigned,SID-5 Loading Point,94.2,6.4
WGN-0083,BCNA,56.6,Assigned,SID-5 Loading Point,78.0,16.4
WGN-0084,BCNA,56.8,In Transit,Bokaro Junction,97.7,17.9
WGN-0085,BCNA,57.2,Assigned,SY-B South Block,80.0,10.7
WGN-0086,BCNA,59.5,In Transit,Dhanbad Junction,76.7,15.8
WGN-0087,BCNA,57.4,Assigned,SID-2 Loading Point,94.3,9.3
WGN-0088,BCNA,59.5,Assigned,SID-5 Loading Point,84.8,3.7
WGN-0089,BCNA,59.3,Assigned,SID-4 Loading Point,73.2,4.1
WGN-0090,BCNA,57.5,Assigned,SY-B South Block,93.9,3.9
WGN-0091,BCNA,58.0,Maintenance,Loco/Wagon Repair Shed,97.0,12.7
WGN-0092,BCNA,57.8,Assigned,SY-C East Block,83.7,10.3
WGN-0093,BCNA,56.2,Assigned,SID-1 Loading Point,91.1,2.9
WGN-0094,BCNA,58.6,Assigned,SY-C East Block,79.0,15.3
WGN-0095,BCNA,58.6,Assigned,SY-A North Block,72.1,13.0
WGN-0096,BCNA,57.6,Assigned,SID-2 Loading Point,82.3,17.8
WGN-0097,BCNA,59.7,In Transit,Chandrapura Junction,70.9,5.6
WGN-0098,BCNA,57.3,Assigned,SID-1 Loading Point,86.6,10.1
WGN-0099,BCNA,58.9,Available,SID-5 Loading Point,71.5,17.8
WGN-0100,BCNA,57.8,Assigned,SY-B South Block,83.1,19.0
WGN-0101,BCNA,56.8,Assigned,SY-B South Block,92.8,17.3
WGN-0102,BCNA,57.1,Assigned,SY-C East Block,92.1,8.2
WGN-0103,BCNA,59.4,Assigned,SID-4 Loading Point,93.5,2.3
WGN-0104,BCNA,56.5,Available,SID-1 Loading Point,92.8,11.3
WGN-0105,BCNA,58.6,Assigned,SY-C East Block,77.2,11.7
WGN-0106,BCNA,57.0,Assigned,SID-5 Loading Point,86.8,4.2
WGN-0107,BCNA,58.1,Assigned,SID-5 Loading Point,92.9,11.4
WGN-0108,BCNA,58.5,Assigned,SID-3 Loading Point,95.5,3.0
WGN-0109,BCNA,57.1,Assigned,SY-A North Block,80.5,19.1
WGN-0110,BCNA,56.8,Assigned,SID-3 Loading Point,88.4,12.0
WGN-0111,BCNA,57.0,Assigned,SID-1 Loading Point,70.2,15.6
WGN-0112,BCNA,56.8,Available,SID-2 Loading Point,83.7,2.4
WGN-0113,BCNA,59.0,Assigned,SY-B South Block,90.8,10.9
WGN-0114,BCNA,58.3,Maintenance,Loco/Wagon Repair Shed,83.6,6.0
WGN-0115,BCNA,59.0,Assigned,SY-B South Block,84.3,17.1
WGN-0116,BCNA,59.8,Maintenance,Loco/Wagon Repair Shed,96.8,12.9
WGN-0117,BCNA,56.7,Assigned,SID-6 Loading Point,75.7,4.5
WGN-0118,BCNA,58.2,Assigned,SID-3 Loading Point,73.0,10.2
WGN-0119,BCNA,57.9,Assigned,SID-6 Loading Point,86.8,7.8
WGN-0120,BCNA,57.0,Assigned,SID-2 Loading Point,95.1,15.4
WGN-0121,BCNA,59.3,Assigned,SID-2 Loading Point,93.4,14.1
WGN-0122,BCNA,56.5,Assigned,SY-C East Block,73.7,7.5
WGN-0123,BCNA,59.1,Assigned,SID-6 Loading Point,90.7,9.0
WGN-0124,BCNA,59.6,Assigned,SID-6 Loading Point,78.1,15.6
WGN-0125,BCNA,56.7,Assigned,SY-C East Block,96.6,8.5
WGN-0126,BCNA,57.1,Assigned,SY-C East Block,79.3,5.4
WGN-0127,BCNA,59.9,Assigned,SY-A North Block,78.1,18.2
WGN-0128,BCNA,58.4,Assigned,SID-1 Loading Point,85.4,4.7
WGN-0129,BCNA,57.6,Maintenance,Loco/Wagon Repair Shed,84.6,10.8
WGN-0130,BCNA,57.7,Available,SID-6 Loading Point,89.3,9.1
WGN-0131,BCNA,59.4,Available,SID-1 Loading Point,87.5,9.5
WGN-0132,BCNA,58.2,Assigned,SID-6 Loading Point,92.7,2.3
WGN-0133,BCNA,58.8,Assigned,SID-6 Loading Point,83.4,5.9
WGN-0134,BCNA,58.1,In Transit,Dhanbad Junction,95.8,8.8
WGN-0135,BCNA,58.9,Assigned,SY-A North Block,75.0,17.8
WGN-0136,BCNA,56.6,Assigned,SID-4 Loading Point,84.2,3.3
WGN-0137,BCNA,57.0,Assigned,SY-B South Block,70.1,14.6
WGN-0138,BCNA,57.4,Available,SID-5 Loading Point,80.5,13.6
WGN-0139,BCNA,58.4,In Transit,Gomoh Junction,82.9,13.7
WGN-0140,BCNA,58.8,Assigned,SID-6 Loading Point,91.0,7.2
WGN-0141,BCNA,58.8,Assigned,SY-A North Block,71.8,10.2
WGN-0142,BCNA,57.1,Assigned,SID-1 Loading Point,85.5,11.1
WGN-0143,BCNA,56.5,Assigned,SID-4 Loading Point,92.7,3.9
WGN-0144,BCNA,56.9,In Transit,Gomoh Junction,82.0,9.7
WGN-0145,BCNA,57.9,In Transit,Dhanbad Junction,97.5,9.2
WGN-0146,BCNA,58.1,Maintenance,Loco/Wagon Repair Shed,95.3,2.4
WGN-0147,BCNA,56.8,Assigned,SID-4 Loading Point,82.7,7.7
WGN-0148,BCNA,56.6,Assigned,SY-C East Block,85.3,7.1
WGN-0149,BCNA,57.4,Available,SID-2 Loading Point,79.0,7.6
WGN-0150,BCNA,59.1,Assigned,SID-4 Loading Point,78.9,15.3
WGN-0151,BCNA,57.0,Assigned,SY-C East Block,74.1,14.0
WGN-0152,BCNA,59.9,Assigned,SID-2 Loading Point,79.7,4.0
WGN-0153,BCNA,59.3,Assigned,SY-B South Block,71.4,15.4
WGN-0154,BCNA,58.3,Assigned,SID-1 Loading Point,82.1,14.2
WGN-0155,BCNA,56.5,Maintenance,Loco/Wagon Repair Shed,89.6,2.8
WGN-0156,BCNA,59.1,Assigned,SY-A North Block,75.9,10.6
WGN-0157,BCNA,59.0,In Transit,Bokaro Junction,75.2,8.7
WGN-0158,BCNA,59.3,Assigned,SY-A North Block,92.4,9.5
WGN-0159,BCNA,57.5,In Transit,Chandrapura Junction,82.9,17.5
WGN-0160,BCNA,56.2,Assigned,SID-5 Loading Point,73.7,18.3
WGN-0161,BRN,54.5,Assigned,SID-4 Loading Point,76.0,16.5
WGN-0162,BRN,56.2,Assigned,SID-3 Loading Point,72.1,13.5
WGN-0163,BRN,56.2,Available,SID-4 Loading Point,86.9,17.7
WGN-0164,BRN,54.6,Assigned,SID-3 Loading Point,89.6,11.3
WGN-0165,BRN,55.2,Available,SID-4 Loading Point,73.7,13.8
WGN-0166,BRN,55.5,In Transit,Bokaro Junction,87.1,10.8
WGN-0167,BRN,56.2,Assigned,SID-2 Loading Point,72.9,2.0
WGN-0168,BRN,55.0,Assigned,SID-3 Loading Point,76.4,14.6
WGN-0169,BRN,55.0,Assigned,SID-2 Loading Point,89.7,15.0
WGN-0170,BRN,53.3,Maintenance,Loco/Wagon Repair Shed,82.7,7.2
WGN-0171,BRN,56.2,Assigned,SY-C East Block,72.0,6.9
WGN-0172,BRN,56.6,Assigned,SID-6 Loading Point,90.9,15.0
WGN-0173,BRN,55.0,Assigned,SID-6 Loading Point,78.6,3.8
WGN-0174,BRN,53.6,Available,SID-6 Loading Point,88.9,12.9
WGN-0175,BRN,54.0,Assigned,SY-B South Block,90.6,2.9
WGN-0176,BRN,54.1,Assigned,SY-C East Block,90.3,7.5
WGN-0177,BRN,56.6,Assigned,SY-B South Block,94.9,14.8
WGN-0178,BRN,56.5,Assigned,SID-5 Loading Point,78.5,7.6
WGN-0179,BRN,56.6,Assigned,SID-3 Loading Point,71.5,15.8
WGN-0180,BRN,55.8,Assigned,SID-2 Loading Point,76.3,5.5
WGN-0181,BRN,54.8,Assigned,SY-B South Block,86.5,12.1
WGN-0182,BRN,54.7,Assigned,SID-6 Loading Point,93.1,11.3
WGN-0183,BRN,54.8,Assigned,SY-C East Block,81.6,3.5
WGN-0184,BRN,56.5,Assigned,SID-4 Loading Point,92.0,3.9
WGN-0185,BRN,55.3,Assigned,SID-2 Loading Point,78.8,18.9
WGN-0186,BRN,55.3,Available,SID-3 Loading Point,90.2,11.4
WGN-0187,BRN,54.9,Assigned,SY-A North Block,88.7,7.7
WGN-0188,BRN,53.7,Assigned,SID-1 Loading Point,77.4,11.9
WGN-0189,BRN,53.2,Available,SID-5 Loading Point,74.1,15.8
WGN-0190,BRN,55.3,Assigned,SY-A North Block,77.6,16.4
WGN-0191,BRN,54.6,Assigned,SID-3 Loading Point,72.1,8.5
WGN-0192,BRN,54.9,Assigned,SID-6 Loading Point,87.0,14.6
WGN-0193,BRN,54.2,Assigned,SID-1 Loading Point,73.5,13.3
WGN-0194,BRN,56.3,Assigned,SID-5 Loading Point,95.2,7.7
WGN-0195,BRN,56.2,Assigned,SID-1 Loading Point,88.2,14.6
WGN-0196,BRN,54.7,Assigned,SY-C East Block,86.1,10.8
WGN-0197,BRN,56.2,Assigned,SID-2 Loading Point,93.1,3.7
WGN-0198,BRN,56.4,Assigned,SY-C East Block,74.0,4.4
WGN-0199,BRN,54.1,Assigned,SID-1 Loading Point,71.3,10.3
WGN-0200,BRN,53.2,Assigned,SY-C East Block,82.9,9.0
WGN-0201,BRN,56.0,Assigned,SID-2 Loading Point,88.6,17.6
WGN-0202,BRN,54.5,Assigned,SY-C East Block,78.3,4.6
WGN-0203,BRN,56.6,Assigned,SY-C East Block,82.3,4.7
WGN-0204,BRN,56.1,Assigned,SID-1 Loading Point,96.3,19.3
WGN-0205,BRN,55.6,Assigned,SY-C East Block,81.4,17.3
WGN-0206,BRN,56.3,Assigned,SID-4 Loading Point,97.0,3.0
WGN-0207,BRN,56.1,Assigned,SID-2 Loading Point,93.0,18.9
WGN-0208,BRN,53.4,Assigned,SID-5 Loading Point,71.0,19.5
WGN-0209,BRN,56.8,Assigned,SY-A North Block,93.2,8.0
WGN-0210,BRN,55.9,Assigned,SID-5 Loading Point,73.8,19.9
WGN-0211,BRN,55.7,Assigned,SY-B South Block,84.6,4.6
WGN-0212,BRN,53.9,Assigned,SID-4 Loading Point,94.2,6.2
WGN-0213,BRN,56.6,Assigned,SID-4 Loading Point,91.8,9.8
WGN-0214,BRN,53.7,Assigned,SID-1 Loading Point,71.7,11.0
WGN-0215,BRN,53.9,Available,SID-5 Loading Point,94.9,13.0
WGN-0216,BRN,56.3,Assigned,SY-A North Block,80.3,7.3
WGN-0217,BRN,56.8,Assigned,SY-A North Block,82.3,3.2
WGN-0218,BRN,54.2,Assigned,SID-4 Loading Point,86.9,6.3
WGN-0219,BRN,56.7,Assigned,SID-2 Loading Point,82.1,3.2
WGN-0220,BRN,54.9,Assigned,SID-6 Loading Point,86.4,3.6
WGN-0221,BRN,56.4,Assigned,SID-3 Loading Point,85.9,15.7
WGN-0222,BRN,53.2,Assigned,SY-B South Block,72.9,12.8
WGN-0223,BRN,56.1,Available,SID-6 Loading Point,76.2,4.7
WGN-0224,BRN,54.9,Assigned,SY-C East Block,94.8,9.9
WGN-0225,BRN,56.1,Assigned,SID-1 Loading Point,91.8,9.7
WGN-0226,BRN,56.0,Assigned,SID-6 Loading Point,97.9,9.3
WGN-0227,BRN,54.6,Assigned,SID-3 Loading Point,95.4,13.4
WGN-0228,BRN,55.5,Maintenance,Loco/Wagon Repair Shed,82.9,15.1
WGN-0229,BRN,56.6,Assigned,SY-B South Block,82.6,12.6
WGN-0230,BRN,54.3,Maintenance,Loco/Wagon Repair Shed,73.3,10.1
WGN-0231,BRN,56.3,Assigned,SID-3 Loading Point,97.1,8.7
WGN-0232,BRN,55.1,Available,SID-4 Loading Point,78.5,6.2
WGN-0233,BRN,56.7,Available,SID-3 Loading Point,89.2,12.2
WGN-0234,BRN,53.5,Assigned,SY-B South Block,90.6,9.0
WGN-0235,BRN,55.2,Assigned,SY-B South Block,82.1,14.6
WGN-0236,BRN,55.2,Assigned,SID-6 Loading Point,89.1,15.5
WGN-0237,BRN,53.7,Available,SID-3 Loading Point,79.8,18.0
WGN-0238,BRN,53.8,Assigned,SID-3 Loading Point,76.8,12.1
WGN-0239,BRN,57.0,Maintenance,Loco/Wagon Repair Shed,75.8,16.6
WGN-0240,BRN,53.4,Assigned,SID-4 Loading Point,89.4,10.2
WGN-0241,BRN,56.3,Assigned,SY-C East Block,91.0,8.3
WGN-0242,BRN,55.4,Assigned,SY-B South Block,71.8,12.7
WGN-0243,BRN,55.7,Assigned,SID-1 Loading Point,83.4,12.1
WGN-0244,BRN,54.0,Assigned,SID-6 Loading Point,75.4,2.8
WGN-0245,BRN,53.3,Assigned,SID-3 Loading Point,84.6,17.2
WGN-0246,BRN,56.1,Assigned,SID-1 Loading Point,81.0,8.0
WGN-0247,BRN,54.8,Available,SID-5 Loading Point,86.2,9.2
WGN-0248,BRN,53.6,Assigned,SY-A North Block,79.1,11.1
WGN-0249,BRN,55.5,In Transit,Chandrapura Junction,97.0,6.1
WGN-0250,BRN,53.3,Assigned,SID-2 Loading Point,72.3,3.5
WGN-0251,BRN,56.6,Assigned,SID-3 Loading Point,83.8,4.5
WGN-0252,BRN,54.8,Maintenance,Loco/Wagon Repair Shed,91.0,9.5
WGN-0253,BRN,55.2,Available,SID-2 Loading Point,87.3,15.7
WGN-0254,BRN,54.8,Assigned,SID-2 Loading Point,74.0,5.1
WGN-0255,BRN,54.3,Maintenance,Loco/Wagon Repair Shed,85.7,15.1
WGN-0256,BRN,54.6,Assigned,SID-6 Loading Point,82.5,9.0
WGN-0257,BRN,55.8,Assigned,SY-C East Block,87.7,7.7
WGN-0258,BRN,56.5,Assigned,SY-A North Block,87.3,4.8
WGN-0259,BRN,54.7,Assigned,SY-B South Block,97.0,12.2
WGN-0260,BRN,55.0,Assigned,SY-B South Block,84.1,16.3
WGN-0261,BRN,55.2,Assigned,SID-4 Loading Point,97.8,13.5
WGN-0262,BRN,56.1,Assigned,SID-4 Loading Point,84.8,9.6
WGN-0263,BRN,55.7,In Transit,Gomoh Junction,92.1,15.3
WGN-0264,BRN,53.9,Assigned,SID-1 Loading Point,77.9,11.6
WGN-0265,BRN,55.0,Assigned,SY-A North Block,86.4,5.6
WGN-0266,BRN,55.7,Assigned,SY-A North Block,88.2,5.4
WGN-0267,BRN,55.9,Assigned,SID-2 Loading Point,79.0,16.0
WGN-0268,BRN,55.8,Available,SID-4 Loading Point,82.2,16.0
WGN-0269,BRN,55.4,Assigned,SID-5 Loading Point,87.9,9.3
WGN-0270,BRN,54.0,Assigned,SID-2 Loading Point,87.0,18.3
WGN-0271,BRN,53.6,Maintenance,Loco/Wagon Repair Shed,83.4,17.5
WGN-0272,BRN,56.5,Assigned,SY-C East Block,73.9,9.9
WGN-0273,BRN,53.7,Assigned,SID-2 Loading Point,72.6,5.7
WGN-0274,BRN,55.3,Assigned,SID-4 Loading Point,92.9,6.1
WGN-0275,BRN,56.0,Maintenance,Loco/Wagon Repair Shed,92.9,4.8
WGN-0276,BRN,53.4,Assigned,SID-6 Loading Point,73.9,3.7
WGN-0277,BRN,56.9,Available,SID-6 Loading Point,70.6,12.6
WGN-0278,BRN,54.1,Assigned,SID-5 Loading Point,89.3,7.0
WGN-0279,BRN,55.5,Assigned,SID-3 Loading Point,87.4,19.5
WGN-0280,BRN,53.1,Maintenance,Loco/Wagon Repair Shed,85.1,5.4
WGN-0281,BRN,56.7,Assigned,SID-4 Loading Point,97.7,18.2
WGN-0282,BRN,54.3,In Transit,Bokaro Junction,71.0,11.9
WGN-0283,BRN,56.4,Maintenance,Loco/Wagon Repair Shed,95.1,15.3
WGN-0284,BRN,56.4,Available,SID-2 Loading Point,70.7,14.1
WGN-0285,BRN,53.3,In Transit,Gomoh Junction,97.6,9.9
WGN-0286,BRN,54.9,Available,SID-2 Loading Point,78.6,6.3
WGN-0287,BRN,56.3,Assigned,SY-C East Block,94.3,18.7
WGN-0288,BRN,55.3,Assigned,SID-4 Loading Point,72.7,12.4
WGN-0289,BRN,54.6,Assigned,SY-A North Block,84.3,4.6
WGN-0290,BRN,56.8,Assigned,SID-3 Loading Point,82.0,4.0
WGN-0291,BRN,56.5,Assigned,SY-B South Block,96.2,4.0
WGN-0292,BRN,56.9,Assigned,SID-1 Loading Point,94.9,3.5
WGN-0293,BRN,55.9,Assigned,SID-3 Loading Point,72.4,14.2
WGN-0294,BRN,54.6,Available,SID-1 Loading Point,97.5,15.4
WGN-0295,BRN,55.4,Maintenance,Loco/Wagon Repair Shed,86.1,18.7
WGN-0296,BRN,54.5,Assigned,SY-A North Block,73.5,4.4
WGN-0297,BRN,53.2,Assigned,SID-1 Loading Point,88.2,3.9
WGN-0298,BRN,55.3,Assigned,SY-A North Block,91.9,10.3
WGN-0299,BRN,56.2,Available,SID-6 Loading Point,73.6,19.0
WGN-0300,BRN,53.5,Assigned,SID-3 Loading Point,76.5,19.8
WGN-0301,BRN,56.7,Assigned,SID-6 Loading Point,90.6,5.3
WGN-0302,BRN,53.6,Assigned,SID-4 Loading Point,74.5,10.2
WGN-0303,BRN,55.0,Assigned,SID-5 Loading Point,90.5,15.4
WGN-0304,BRN,56.4,In Transit,Gomoh Junction,92.1,16.8
WGN-0305,BRN,56.7,In Transit,Gomoh Junction,74.9,10.1
WGN-0306,BRN,56.2,Assigned,SID-6 Loading Point,88.1,5.3
WGN-0307,BRN,55.4,Assigned,SY-B South Block,77.0,9.7
WGN-0308,BRN,56.2,Available,SID-4 Loading Point,94.4,3.2
WGN-0309,BRN,54.2,Assigned,SID-3 Loading Point,71.3,5.2
WGN-0310,BRN,53.4,Available,SID-3 Loading Point,79.9,15.2
WGN-0311,BRN,56.5,Assigned,SID-6 Loading Point,79.9,5.1
WGN-0312,BRN,53.4,Assigned,SID-1 Loading Point,91.9,16.0
WGN-0313,BRN,55.5,Assigned,SID-6 Loading Point,95.7,16.0
WGN-0314,BRN,56.0,Assigned,SID-1 Loading Point,78.6,11.3
WGN-0315,BRN,56.5,Assigned,SID-2 Loading Point,72.2,13.8
WGN-0316,BRN,53.4,Assigned,SID-4 Loading Point,81.4,3.5
WGN-0317,BRN,54.6,Assigned,SID-6 Loading Point,91.3,6.3
WGN-0318,BRN,54.2,Assigned,SY-A North Block,77.9,5.8
WGN-0319,BRN,54.7,Assigned,SY-A North Block,75.2,13.8
WGN-0320,BRN,55.5,Assigned,SID-5 Loading Point,70.1,17.7
WGN-0321,BOXN,58.2,Assigned,SID-1 Loading Point,97.6,8.1
WGN-0322,BOXN,61.3,Available,SID-2 Loading Point,72.7,8.8
WGN-0323,BOXN,60.5,Available,SID-4 Loading Point,78.8,9.6
WGN-0324,BOXN,58.1,Available,SID-3 Loading Point,95.0,11.0
WGN-0325,BOXN,59.5,In Transit,Gomoh Junction,81.2,12.9
WGN-0326,BOXN,61.4,Assigned,SID-1 Loading Point,80.8,16.5
WGN-0327,BOXN,59.8,Available,SID-6 Loading Point,82.5,6.8
WGN-0328,BOXN,58.7,Assigned,SID-5 Loading Point,71.3,5.1
WGN-0329,BOXN,61.9,Assigned,SID-3 Loading Point,75.7,12.6
WGN-0330,BOXN,60.6,Assigned,SID-6 Loading Point,79.1,7.8
WGN-0331,BOXN,59.2,Maintenance,Loco/Wagon Repair Shed,94.8,2.2
WGN-0332,BOXN,60.3,Assigned,SID-2 Loading Point,92.5,19.4
WGN-0333,BOXN,61.4,Assigned,SID-1 Loading Point,73.7,4.8
WGN-0334,BOXN,61.5,Assigned,SID-3 Loading Point,90.4,13.5
WGN-0335,BOXN,62.0,Assigned,SID-3 Loading Point,72.1,17.0
WGN-0336,BOXN,59.0,Assigned,SY-A North Block,95.2,8.1
WGN-0337,BOXN,61.0,Assigned,SY-C East Block,74.3,9.5
WGN-0338,BOXN,58.7,Assigned,SID-2 Loading Point,71.0,15.5
WGN-0339,BOXN,61.0,Assigned,SID-3 Loading Point,81.7,9.1
WGN-0340,BOXN,60.5,Assigned,SID-6 Loading Point,91.5,15.6
WGN-0341,BOXN,60.4,In Transit,Chandrapura Junction,71.5,6.5
WGN-0342,BOXN,59.3,Maintenance,Loco/Wagon Repair Shed,73.1,5.9
WGN-0343,BOXN,58.1,Maintenance,Loco/Wagon Repair Shed,90.5,8.4
WGN-0344,BOXN,58.1,Assigned,SID-4 Loading Point,82.5,14.0
WGN-0345,BOXN,59.1,Assigned,SY-A North Block,77.2,19.5
WGN-0346,BOXN,58.4,Assigned,SID-4 Loading Point,91.3,6.5
WGN-0347,BOXN,59.9,Assigned,SID-6 Loading Point,82.0,15.3
WGN-0348,BOXN,60.4,Assigned,SY-B South Block,75.0,5.6
WGN-0349,BOXN,59.0,Assigned,SID-5 Loading Point,85.3,5.7
WGN-0350,BOXN,58.2,Assigned,SID-2 Loading Point,93.0,15.3
WGN-0351,BOXN,58.1,Assigned,SY-A North Block,95.7,5.5
WGN-0352,BOXN,61.9,Assigned,SID-2 Loading Point,73.6,17.4
WGN-0353,BOXN,60.1,Maintenance,Loco/Wagon Repair Shed,82.9,5.6
WGN-0354,BOXN,60.9,Assigned,SID-3 Loading Point,86.7,3.1
WGN-0355,BOXN,60.2,Maintenance,Loco/Wagon Repair Shed,75.8,3.0
WGN-0356,BOXN,61.6,Assigned,SY-A North Block,89.6,18.8
WGN-0357,BOXN,60.3,Assigned,SID-3 Loading Point,80.8,4.0
WGN-0358,BOXN,61.9,Assigned,SID-2 Loading Point,74.9,3.0
WGN-0359,BOXN,60.6,Assigned,SID-5 Loading Point,77.3,16.1
WGN-0360,BOXN,59.4,Available,SID-1 Loading Point,96.3,7.8
WGN-0361,BOXN,61.2,Assigned,SY-B South Block,79.5,6.1
WGN-0362,BOXN,60.8,Maintenance,Loco/Wagon Repair Shed,72.2,12.1
WGN-0363,BOXN,58.9,Available,SID-6 Loading Point,79.2,3.3
WGN-0364,BOXN,60.4,Assigned,SID-2 Loading Point,96.6,19.0
WGN-0365,BOXN,58.3,Assigned,SY-A North Block,74.9,7.2
WGN-0366,BOXN,59.8,Assigned,SY-A North Block,79.9,10.1
WGN-0367,BOXN,60.7,Assigned,SID-6 Loading Point,90.8,16.5
WGN-0368,BOXN,60.6,Assigned,SY-A North Block,95.7,13.9
WGN-0369,BOXN,61.9,Assigned,SY-A North Block,92.1,2.1
WGN-0370,BOXN,61.2,In Transit,Gomoh Junction,93.0,6.1
WGN-0371,BOXN,60.3,Maintenance,Loco/Wagon Repair Shed,97.0,2.6
WGN-0372,BOXN,60.6,Assigned,SID-1 Loading Point,73.7,6.5
WGN-0373,BOXN,59.7,Available,SID-5 Loading Point,74.6,15.9
WGN-0374,BOXN,58.5,Assigned,SY-B South Block,96.4,7.4
WGN-0375,BOXN,61.2,Assigned,SID-1 Loading Point,90.7,6.6
WGN-0376,BOXN,60.3,Assigned,SY-C East Block,78.7,15.1
WGN-0377,BOXN,58.9,Assigned,SID-5 Loading Point,87.5,14.5
WGN-0378,BOXN,61.7,Maintenance,Loco/Wagon Repair Shed,80.0,10.2
WGN-0379,BOXN,58.4,Assigned,SID-3 Loading Point,88.8,13.6
WGN-0380,BOXN,61.1,Assigned,SID-2 Loading Point,94.0,13.1
WGN-0381,BOXN,61.7,Maintenance,Loco/Wagon Repair Shed,74.1,14.3
WGN-0382,BOXN,60.5,Assigned,SID-3 Loading Point,75.4,2.4
WGN-0383,BOXN,58.6,Assigned,SID-4 Loading Point,88.5,11.5
WGN-0384,BOXN,58.9,Assigned,SID-6 Loading Point,83.3,9.5
WGN-0385,BOXN,58.6,Assigned,SY-A North Block,84.6,19.4
WGN-0386,BOXN,59.5,Assigned,SY-A North Block,93.6,15.1
WGN-0387,BOXN,60.0,Assigned,SID-2 Loading Point,77.0,5.4
WGN-0388,BOXN,61.8,Assigned,SID-4 Loading Point,82.4,4.2
WGN-0389,BOXN,60.6,Assigned,SID-3 Loading Point,88.2,3.3
WGN-0390,BOXN,60.5,Maintenance,Loco/Wagon Repair Shed,89.9,11.4
WGN-0391,BOXN,62.0,Assigned,SY-B South Block,72.4,5.3
WGN-0392,BOXN,61.0,In Transit,Chandrapura Junction,81.7,8.1
WGN-0393,BOXN,59.8,Available,SID-3 Loading Point,91.0,8.2
WGN-0394,BOXN,61.9,Assigned,SID-3 Loading Point,74.1,6.5
WGN-0395,BOXN,59.5,In Transit,Chandrapura Junction,72.5,15.0
WGN-0396,BOXN,58.3,In Transit,Gomoh Junction,95.7,9.8
WGN-0397,BOXN,60.6,Assigned,SY-B South Block,90.6,13.8
WGN-0398,BOXN,58.8,Assigned,SY-A North Block,77.7,16.5
WGN-0399,BOXN,60.3,Assigned,SID-5 Loading Point,81.8,10.6
WGN-0400,BOXN,60.4,Assigned,SY-A North Block,82.4,10.6
WGN-0401,BOXN,59.2,Available,SID-2 Loading Point,89.4,14.8
WGN-0402,BOXN,61.5,Assigned,SY-A North Block,73.8,7.2
WGN-0403,BOXN,60.0,Assigned,SID-4 Loading Point,94.9,10.3
WGN-0404,BOXN,59.0,Assigned,SID-3 Loading Point,73.0,7.3
WGN-0405,BOXN,60.4,Assigned,SY-A North Block,70.3,6.4
WGN-0406,BOXN,60.9,Assigned,SY-A North Block,75.0,8.1
WGN-0407,BOXN,58.9,In Transit,Chandrapura Junction,83.0,14.6
WGN-0408,BOXN,58.6,Available,SID-6 Loading Point,83.6,9.9
WGN-0409,BOXN,58.2,Assigned,SID-3 Loading Point,75.2,10.6
WGN-0410,BOXN,58.5,Available,SID-5 Loading Point,71.8,19.1
WGN-0411,BOXN,60.3,Maintenance,Loco/Wagon Repair Shed,71.7,7.1
WGN-0412,BOXN,59.1,Assigned,SY-B South Block,85.4,16.7
WGN-0413,BOXN,59.8,Assigned,SID-5 Loading Point,75.3,12.2
WGN-0414,BOXN,58.6,Assigned,SID-2 Loading Point,88.0,18.8
WGN-0415,BOXN,60.1,Assigned,SID-6 Loading Point,88.5,7.0
WGN-0416,BOXN,58.4,Assigned,SY-B South Block,95.9,9.2
WGN-0417,BOXN,61.7,Assigned,SID-4 Loading Point,70.1,8.3
WGN-0418,BOXN,61.6,Assigned,SY-C East Block,80.0,4.3
WGN-0419,BOXN,60.9,Assigned,SID-1 Loading Point,88.1,15.7
WGN-0420,BOXN,58.6,Assigned,SID-5 Loading Point,74.8,15.1
WGN-0421,BOXN,59.1,Assigned,SID-1 Loading Point,90.7,14.3
WGN-0422,BOXN,59.7,Assigned,SID-4 Loading Point,95.2,5.4
WGN-0423,BOXN,59.7,Assigned,SID-2 Loading Point,78.4,5.0
WGN-0424,BOXN,58.3,Assigned,SY-C East Block,79.9,8.6
WGN-0425,BOXN,60.6,Maintenance,Loco/Wagon Repair Shed,91.8,6.7
WGN-0426,BOXN,58.7,Assigned,SY-A North Block,97.3,18.3
WGN-0427,BOXN,60.8,Assigned,SID-4 Loading Point,81.4,4.7
WGN-0428,BOXN,60.8,Assigned,SID-5 Loading Point,81.5,16.5
WGN-0429,BOXN,60.3,Available,SID-3 Loading Point,90.8,6.4
WGN-0430,BOXN,60.3,Available,SID-3 Loading Point,95.6,9.1
WGN-0431,BOXN,60.1,Assigned,SY-A North Block,81.8,15.0
WGN-0432,BOXN,60.8,Assigned,SID-6 Loading Point,70.0,15.4
WGN-0433,BOXN,60.8,Assigned,SY-A North Block,85.8,19.4
WGN-0434,BOXN,61.5,Assigned,SID-2 Loading Point,82.4,9.3
WGN-0435,BOXN,60.9,Assigned,SID-5 Loading Point,95.0,9.4
WGN-0436,BOXN,59.5,Assigned,SID-3 Loading Point,80.8,6.1
WGN-0437,BOXN,58.3,Assigned,SY-A North Block,81.3,12.6
WGN-0438,BOXN,59.7,Assigned,SID-1 Loading Point,91.1,9.2
WGN-0439,BOXN,60.6,Assigned,SID-4 Loading Point,82.6,8.6
WGN-0440,BOXN,58.9,Available,SID-1 Loading Point,89.8,8.3
WGN-0441,BOXN,60.9,Assigned,SY-B South Block,73.0,4.4
WGN-0442,BOXN,60.5,Assigned,SY-A North Block,86.6,4.0
WGN-0443,BOXN,59.3,Assigned,SID-4 Loading Point,71.5,2.9
WGN-0444,BOXN,61.8,Assigned,SY-C East Block,82.0,6.1
WGN-0445,BOXN,61.7,Assigned,SID-6 Loading Point,72.0,9.4
WGN-0446,BOXN,59.3,Assigned,SID-2 Loading Point,93.5,18.9
WGN-0447,BOXN,59.8,Assigned,SY-B South Block,70.4,4.3
WGN-0448,BOXN,58.9,Assigned,SID-1 Loading Point,72.6,11.1
WGN-0449,BOXN,61.2,Assigned,SID-4 Loading Point,70.7,5.2
WGN-0450,BOXN,59.9,Assigned,SID-4 Loading Point,78.4,17.0
WGN-0451,BOXN,58.7,Assigned,SID-1 Loading Point,71.3,5.3
WGN-0452,BOXN,61.9,Assigned,SY-A North Block,87.5,5.4
WGN-0453,BOXN,59.3,Assigned,SY-C East Block,97.1,16.1
WGN-0454,BOXN,60.3,Assigned,SY-B South Block,92.7,10.6
WGN-0455,BOXN,60.7,Available,SID-6 Loading Point,80.1,18.7
WGN-0456,BOXN,60.0,Assigned,SY-B South Block,77.9,3.0
WGN-0457,BOXN,60.6,Assigned,SY-A North Block,76.9,15.7
WGN-0458,BOXN,59.0,In Transit,Chandrapura Junction,86.1,14.9
WGN-0459,BOXN,60.9,Assigned,SID-2 Loading Point,88.4,2.6
WGN-0460,BOXN,58.1,Maintenance,Loco/Wagon Repair Shed,92.8,18.2
WGN-0461,BOXN,61.9,Available,SID-1 Loading Point,93.9,2.3
WGN-0462,BOXN,58.1,Available,SID-6 Loading Point,73.1,3.7
WGN-0463,BOXN,59.1,Assigned,SID-4 Loading Point,93.5,12.9
WGN-0464,BOXN,58.3,Assigned,SID-3 Loading Point,97.0,15.9
WGN-0465,BOXN,59.4,Assigned,SY-C East Block,97.1,9.0
WGN-0466,BOXN,60.1,In Transit,Dhanbad Junction,94.4,4.8
WGN-0467,BOXN,60.2,In Transit,Dhanbad Junction,81.2,9.5
WGN-0468,BOXN,59.9,Assigned,SID-6 Loading Point,91.7,7.9
WGN-0469,BOXN,59.8,Assigned,SID-3 Loading Point,97.0,18.6
WGN-0470,BOXN,58.6,Assigned,SID-6 Loading Point,79.5,12.0
WGN-0471,BOXN,60.3,Assigned,SID-1 Loading Point,82.0,4.9
WGN-0472,BOXN,59.6,Maintenance,Loco/Wagon Repair Shed,87.7,16.1
WGN-0473,BOXN,59.9,Available,SID-5 Loading Point,70.8,16.6
WGN-0474,BOXN,61.4,Available,SID-4 Loading Point,74.0,19.1
WGN-0475,BOXN,59.4,Available,SID-4 Loading Point,90.9,12.1
WGN-0476,BOXN,58.1,Assigned,SID-4 Loading Point,80.5,12.9
WGN-0477,BOXN,59.0,Assigned,SID-2 Loading Point,82.6,5.8
WGN-0478,BOXN,58.1,Maintenance,Loco/Wagon Repair Shed,95.1,10.0
WGN-0479,BOXN,58.7,In Transit,Bokaro Junction,93.9,14.8
WGN-0480,BOXN,58.3,Available,SID-2 Loading Point,94.9,6.3
WGN-0481,BCN,47.0,Maintenance,Loco/Wagon Repair Shed,91.4,12.5
WGN-0482,BCN,46.4,In Transit,Gomoh Junction,80.5,6.1
WGN-0483,BCN,46.3,Assigned,SY-C East Block,80.7,11.5
WGN-0484,BCN,45.6,Assigned,SID-5 Loading Point,95.4,18.2
WGN-0485,BCN,46.9,Assigned,SY-A North Block,77.5,5.1
WGN-0486,BCN,45.8,Assigned,SY-A North Block,80.8,7.1
WGN-0487,BCN,45.3,Assigned,SID-5 Loading Point,78.6,2.1
WGN-0488,BCN,44.1,In Transit,Bokaro Junction,75.3,14.3
WGN-0489,BCN,44.2,Available,SID-6 Loading Point,89.6,19.7
WGN-0490,BCN,44.8,Assigned,SID-1 Loading Point,87.7,19.3
WGN-0491,BCN,46.6,Available,SID-5 Loading Point,85.8,17.8
WGN-0492,BCN,45.9,Assigned,SY-A North Block,97.6,16.2
WGN-0493,BCN,45.5,In Transit,Bokaro Junction,74.5,8.9
WGN-0494,BCN,46.7,In Transit,Chandrapura Junction,90.1,3.2
WGN-0495,BCN,43.1,Assigned,SID-1 Loading Point,88.9,8.3
WGN-0496,BCN,46.5,Available,SID-4 Loading Point,84.2,4.4
WGN-0497,BCN,44.6,Assigned,SY-C East Block,74.8,4.1
WGN-0498,BCN,45.5,Assigned,SY-C East Block,74.5,5.2
WGN-0499,BCN,44.3,Maintenance,Loco/Wagon Repair Shed,75.9,3.5
WGN-0500,BCN,44.3,Available,SID-4 Loading Point,87.0,14.2
WGN-0501,BCN,45.7,Assigned,SID-3 Loading Point,89.2,18.8
WGN-0502,BCN,43.6,Assigned,SID-2 Loading Point,81.5,2.8
WGN-0503,BCN,43.3,Assigned,SY-B South Block,78.5,8.8
WGN-0504,BCN,44.2,Available,SID-5 Loading Point,75.0,4.8
WGN-0505,BCN,46.5,Available,SID-4 Loading Point,92.7,2.6
WGN-0506,BCN,45.6,Assigned,SID-1 Loading Point,94.3,10.4
WGN-0507,BCN,43.7,Assigned,SID-6 Loading Point,94.7,19.5
WGN-0508,BCN,46.6,Assigned,SID-2 Loading Point,95.9,4.3
WGN-0509,BCN,46.0,Assigned,SID-1 Loading Point,72.8,13.3
WGN-0510,BCN,45.4,Assigned,SY-C East Block,81.6,18.7
WGN-0511,BCN,44.0,Assigned,SID-3 Loading Point,89.5,3.6
WGN-0512,BCN,44.9,Assigned,SID-3 Loading Point,72.4,5.0
WGN-0513,BCN,46.2,Available,SID-6 Loading Point,81.1,13.5
WGN-0514,BCN,46.8,In Transit,Bokaro Junction,81.4,11.1
WGN-0515,BCN,46.7,Assigned,SY-B South Block,91.0,19.9
WGN-0516,BCN,44.5,Available,SID-1 Loading Point,82.8,12.4
WGN-0517,BCN,46.3,Assigned,SID-6 Loading Point,85.2,8.3
WGN-0518,BCN,46.6,Assigned,SID-5 Loading Point,82.8,5.4
WGN-0519,BCN,43.9,Assigned,SY-A North Block,82.0,18.7
WGN-0520,BCN,43.3,Assigned,SID-5 Loading Point,88.1,16.3
WGN-0521,BCN,43.2,Assigned,SID-5 Loading Point,86.6,2.3
WGN-0522,BCN,43.2,Assigned,SID-4 Loading Point,97.7,17.5
WGN-0523,BCN,45.4,Assigned,SID-4 Loading Point,88.1,5.1
WGN-0524,BCN,45.1,Assigned,SID-3 Loading Point,87.5,5.6
WGN-0525,BCN,44.2,Assigned,SID-6 Loading Point,95.9,8.8
WGN-0526,BCN,45.3,Assigned,SY-B South Block,95.7,12.6
WGN-0527,BCN,46.2,Assigned,SID-6 Loading Point,75.5,16.1
WGN-0528,BCN,46.0,Available,SID-6 Loading Point,89.8,7.4
WGN-0529,BCN,46.2,Assigned,SID-4 Loading Point,86.5,14.0
WGN-0530,BCN,43.3,In Transit,Chandrapura Junction,93.7,19.1
WGN-0531,BCN,45.1,Assigned,SY-C East Block,83.2,11.2
WGN-0532,BCN,45.0,Assigned,SID-5 Loading Point,72.2,11.7
WGN-0533,BCN,44.3,Assigned,SID-1 Loading Point,87.2,10.2
WGN-0534,BCN,45.5,Assigned,SY-C East Block,73.2,18.9
WGN-0535,BCN,44.4,Assigned,SY-B South Block,81.2,3.3
WGN-0536,BCN,45.5,In Transit,Bokaro Junction,78.2,6.1
WGN-0537,BCN,44.6,Assigned,SID-3 Loading Point,71.5,13.9
WGN-0538,BCN,44.3,Assigned,SY-B South Block,73.8,10.7
WGN-0539,BCN,45.8,Assigned,SY-B South Block,94.3,14.6
WGN-0540,BCN,46.1,Assigned,SY-A North Block,71.4,14.1
WGN-0541,BCN,44.0,Assigned,SY-A North Block,75.8,2.3
WGN-0542,BCN,45.0,Assigned,SID-3 Loading Point,80.5,2.8
WGN-0543,BCN,43.7,Assigned,SID-2 Loading Point,90.0,7.8
WGN-0544,BCN,44.8,Assigned,SID-4 Loading Point,97.8,11.5
WGN-0545,BCN,43.7,Assigned,SID-5 Loading Point,83.6,17.2
WGN-0546,BCN,43.9,Assigned,SID-3 Loading Point,94.9,10.2
WGN-0547,BCN,43.4,Assigned,SY-A North Block,82.9,4.0
WGN-0548,BCN,46.6,Available,SID-6 Loading Point,77.2,2.7
WGN-0549,BCN,45.6,Assigned,SID-5 Loading Point,73.6,5.4
WGN-0550,BCN,46.4,Assigned,SID-6 Loading Point,80.5,8.9
WGN-0551,BCN,44.2,Assigned,SY-A North Block,73.6,17.1
WGN-0552,BCN,45.6,Assigned,SY-B South Block,73.4,14.9
WGN-0553,BCN,43.6,Assigned,SID-2 Loading Point,90.4,12.1
WGN-0554,BCN,46.4,Assigned,SID-6 Loading Point,85.8,7.1
WGN-0555,BCN,45.1,In Transit,Dhanbad Junction,79.9,10.2
WGN-0556,BCN,43.8,Assigned,SID-6 Loading Point,80.4,11.3
WGN-0557,BCN,45.0,Assigned,SY-C East Block,77.0,4.8
WGN-0558,BCN,45.1,Assigned,SID-1 Loading Point,88.1,8.1
WGN-0559,BCN,45.1,Assigned,SID-1 Loading Point,96.3,7.4
WGN-0560,BCN,45.2,Assigned,SID-4 Loading Point,89.6,7.0
WGN-0561,BCN,43.6,Assigned,SY-C East Block,77.3,15.1
WGN-0562,BCN,43.9,Assigned,SY-C East Block,93.4,14.3
WGN-0563,BCN,44.2,Assigned,SID-4 Loading Point,95.4,7.5
WGN-0564,BCN,43.4,Assigned,SID-4 Loading Point,93.7,7.4
WGN-0565,BCN,43.8,Assigned,SY-B South Block,81.7,9.7
WGN-0566,BCN,44.1,Assigned,SID-2 Loading Point,83.2,9.6
WGN-0567,BCN,44.8,In Transit,Gomoh Junction,91.5,10.9
WGN-0568,BCN,44.0,Assigned,SID-6 Loading Point,75.7,5.1
WGN-0569,BCN,46.8,Assigned,SID-2 Loading Point,80.6,10.6
WGN-0570,BCN,45.0,Available,SID-1 Loading Point,83.3,11.9
WGN-0571,BCN,45.9,Assigned,SY-B South Block,72.6,10.2
WGN-0572,BCN,43.9,Assigned,SID-4 Loading Point,92.0,3.9
WGN-0573,BCN,43.6,Assigned,SY-A North Block,79.9,4.3
WGN-0574,BCN,44.4,Assigned,SID-3 Loading Point,87.0,18.9
WGN-0575,BCN,43.2,In Transit,Bokaro Junction,96.6,15.4
WGN-0576,BCN,46.8,In Transit,Gomoh Junction,81.1,2.6
WGN-0577,BCN,44.1,Maintenance,Loco/Wagon Repair Shed,75.4,19.0
WGN-0578,BCN,45.1,Assigned,SID-6 Loading Point,76.9,9.0
WGN-0579,BCN,45.1,Assigned,SY-C East Block,72.7,14.7
WGN-0580,BCN,46.4,Available,SID-2 Loading Point,75.4,5.3
WGN-0581,BCN,45.9,Assigned,SID-4 Loading Point,83.9,10.4
WGN-0582,BCN,45.5,In Transit,Gomoh Junction,77.4,14.7
WGN-0583,BCN,43.8,Available,SID-6 Loading Point,87.6,11.6
WGN-0584,BCN,44.7,Assigned,SID-5 Loading Point,94.1,12.4
WGN-0585,BCN,45.6,Assigned,SY-C East Block,86.0,18.4
WGN-0586,BCN,43.0,In Transit,Gomoh Junction,90.2,3.0
WGN-0587,BCN,45.4,Assigned,SID-6 Loading Point,95.4,2.1
WGN-0588,BCN,43.4,Assigned,SID-2 Loading Point,73.8,5.2
WGN-0589,BCN,46.4,Assigned,SY-B South Block,78.1,8.9
WGN-0590,BCN,43.8,Assigned,SID-2 Loading Point,70.1,9.1
WGN-0591,BCN,43.9,Assigned,SID-2 Loading Point,88.2,19.4
WGN-0592,BCN,46.1,Assigned,SID-6 Loading Point,75.5,16.4
WGN-0593,BCN,43.8,Assigned,SID-6 Loading Point,74.2,17.9
WGN-0594,BCN,46.1,Assigned,SID-3 Loading Point,91.6,17.7
WGN-0595,BCN,45.8,Assigned,SID-2 Loading Point,93.9,7.7
WGN-0596,BCN,44.8,Assigned,SY-B South Block,73.1,2.4
WGN-0597,BCN,43.1,Assigned,SID-5 Loading Point,70.7,6.0
WGN-0598,BCN,46.8,Assigned,SID-4 Loading Point,70.6,18.3
WGN-0599,BCN,44.4,Assigned,SID-2 Loading Point,82.2,4.5
WGN-0600,BCN,44.1,Assigned,SID-1 Loading Point,82.7,18.1
WGN-0601,BCN,46.0,Assigned,SID-5 Loading Point,80.8,17.4
WGN-0602,BCN,46.0,Assigned,SID-4 Loading Point,95.1,12.8
WGN-0603,BCN,44.8,Available,SID-6 Loading Point,75.1,12.3
WGN-0604,BCN,44.8,Assigned,SY-C East Block,94.4,14.5
WGN-0605,BCN,44.2,Maintenance,Loco/Wagon Repair Shed,78.5,18.9
WGN-0606,BCN,43.1,Assigned,SID-1 Loading Point,75.4,14.9
WGN-0607,BCN,43.2,In Transit,Gomoh Junction,90.5,12.0
WGN-0608,BCN,46.2,Assigned,SID-4 Loading Point,77.9,8.3
WGN-0609,BCN,46.4,Assigned,SID-2 Loading Point,85.8,11.3
WGN-0610,BCN,45.9,Assigned,SY-B South Block,92.5,16.9
WGN-0611,BCN,43.8,Assigned,SY-B South Block,93.5,2.4
WGN-0612,BCN,46.8,Maintenance,Loco/Wagon Repair Shed,72.3,15.6
WGN-0613,BCN,45.0,Assigned,SID-2 Loading Point,71.6,14.7
WGN-0614,BCN,43.8,Assigned,SY-A North Block,82.7,2.2
WGN-0615,BCN,47.0,Maintenance,Loco/Wagon Repair Shed,92.1,10.6
WGN-0616,BCN,45.3,Assigned,SID-4 Loading Point,92.3,6.4
WGN-0617,BCN,43.2,Assigned,SID-1 Loading Point,74.3,15.6
WGN-0618,BCN,43.8,Assigned,SID-3 Loading Point,97.6,18.7
WGN-0619,BCN,45.3,Available,SID-4 Loading Point,97.6,3.1
WGN-0620,BCN,44.2,Maintenance,Loco/Wagon Repair Shed,77.9,12.8
WGN-0621,BCN,44.0,Assigned,SID-3 Loading Point,76.9,13.6
WGN-0622,BCN,45.2,Assigned,SID-2 Loading Point,93.5,18.9
WGN-0623,BCN,43.6,Available,SID-1 Loading Point,70.7,4.7
WGN-0624,BCN,45.4,Available,SID-3 Loading Point,96.6,15.0
WGN-0625,BCN,44.1,Assigned,SY-C East Block,84.4,4.2
WGN-0626,BCN,45.9,Maintenance,Loco/Wagon Repair Shed,93.9,19.1
WGN-0627,BCN,45.0,In Transit,Gomoh Junction,77.0,3.3
WGN-0628,BCN,45.3,Assigned,SY-C East Block,97.6,12.7
WGN-0629,BCN,43.1,In Transit,Bokaro Junction,81.0,5.4
WGN-0630,BCN,46.7,Assigned,SY-C East Block,70.3,6.4
WGN-0631,BCN,45.8,Assigned,SY-B South Block,78.0,16.8
WGN-0632,BCN,46.7,Assigned,SID-5 Loading Point,73.3,8.2
WGN-0633,BCN,46.6,In Transit,Bokaro Junction,91.2,13.2
WGN-0634,BCN,45.7,Assigned,SY-C East Block,79.0,14.6
WGN-0635,BCN,43.8,Assigned,SY-C East Block,80.6,15.9
WGN-0636,BCN,44.3,Assigned,SID-5 Loading Point,82.6,10.8
WGN-0637,BCN,44.5,Assigned,SID-6 Loading Point,89.4,6.7
WGN-0638,BCN,46.9,Assigned,SID-2 Loading Point,84.0,16.5
WGN-0639,BCN,44.4,Available,SID-1 Loading Point,76.6,2.3
WGN-0640,BCN,45.9,Assigned,SID-3 Loading Point,72.5,11.1
WGN-0641,BOST,50.7,Assigned,SID-3 Loading Point,83.6,10.3
WGN-0642,BOST,50.1,Assigned,SID-4 Loading Point,72.1,10.0
WGN-0643,BOST,52.5,Assigned,SID-3 Loading Point,77.7,10.6
WGN-0644,BOST,50.6,Assigned,SID-5 Loading Point,92.2,15.5
WGN-0645,BOST,53.5,Assigned,SID-5 Loading Point,80.0,2.9
WGN-0646,BOST,52.5,In Transit,Bokaro Junction,81.7,10.4
WGN-0647,BOST,50.8,Assigned,SID-1 Loading Point,90.2,10.5
WGN-0648,BOST,50.2,Assigned,SID-4 Loading Point,75.2,11.1
WGN-0649,BOST,53.6,Assigned,SID-4 Loading Point,81.8,7.4
WGN-0650,BOST,52.2,Assigned,SY-A North Block,87.1,10.9
WGN-0651,BOST,51.8,Assigned,SID-1 Loading Point,80.8,17.3
WGN-0652,BOST,53.2,Maintenance,Loco/Wagon Repair Shed,86.7,13.0
WGN-0653,BOST,50.4,Available,SID-5 Loading Point,97.4,5.3
WGN-0654,BOST,50.3,Assigned,SID-1 Loading Point,77.6,3.1
WGN-0655,BOST,51.6,Assigned,SID-6 Loading Point,82.3,13.5
WGN-0656,BOST,51.1,Assigned,SID-2 Loading Point,82.1,4.8
WGN-0657,BOST,52.1,In Transit,Chandrapura Junction,81.3,13.2
WGN-0658,BOST,52.6,Maintenance,Loco/Wagon Repair Shed,96.4,3.3
WGN-0659,BOST,52.7,Assigned,SID-6 Loading Point,94.1,16.3
WGN-0660,BOST,51.3,Assigned,SID-6 Loading Point,75.6,5.8
WGN-0661,BOST,51.0,In Transit,Gomoh Junction,89.9,9.2
WGN-0662,BOST,53.6,Assigned,SID-3 Loading Point,88.5,6.7
WGN-0663,BOST,52.8,Assigned,SY-B South Block,95.9,12.2
WGN-0664,BOST,52.2,Maintenance,Loco/Wagon Repair Shed,85.4,16.3
WGN-0665,BOST,50.5,Assigned,SY-B South Block,71.0,5.2
WGN-0666,BOST,50.5,Assigned,SY-C East Block,74.0,5.0
WGN-0667,BOST,53.5,Assigned,SID-4 Loading Point,92.2,16.6
WGN-0668,BOST,50.7,Available,SID-2 Loading Point,72.7,16.5
WGN-0669,BOST,50.2,Maintenance,Loco/Wagon Repair Shed,77.8,7.3
WGN-0670,BOST,50.1,Assigned,SY-C East Block,87.8,10.1
WGN-0671,BOST,53.9,Assigned,SID-4 Loading Point,83.9,4.4
WGN-0672,BOST,53.4,Assigned,SID-3 Loading Point,71.2,16.0
WGN-0673,BOST,50.0,Assigned,SY-C East Block,96.4,7.9
WGN-0674,BOST,53.5,Assigned,SID-1 Loading Point,87.2,17.4
WGN-0675,BOST,53.9,In Transit,Chandrapura Junction,75.7,8.0
WGN-0676,BOST,52.5,In Transit,Chandrapura Junction,96.1,19.2
WGN-0677,BOST,53.5,Assigned,SY-C East Block,91.3,13.7
WGN-0678,BOST,51.8,Available,SID-5 Loading Point,93.0,17.5
WGN-0679,BOST,50.8,Assigned,SID-5 Loading Point,72.1,16.5
WGN-0680,BOST,53.5,Assigned,SID-5 Loading Point,90.4,14.7
WGN-0681,BOST,53.5,Assigned,SY-B South Block,97.9,18.7
WGN-0682,BOST,52.5,Assigned,SY-B South Block,97.2,6.5
WGN-0683,BOST,53.6,Assigned,SY-B South Block,82.1,8.9
WGN-0684,BOST,51.2,Assigned,SID-6 Loading Point,93.4,19.5
WGN-0685,BOST,52.5,In Transit,Bokaro Junction,84.3,8.6
WGN-0686,BOST,51.4,Assigned,SY-C East Block,80.8,7.9
WGN-0687,BOST,53.5,Assigned,SID-6 Loading Point,94.1,13.2
WGN-0688,BOST,52.4,Assigned,SY-A North Block,80.1,6.3
WGN-0689,BOST,53.1,Available,SID-4 Loading Point,89.2,5.5
WGN-0690,BOST,50.1,Assigned,SID-2 Loading Point,86.1,16.3
WGN-0691,BOST,53.1,Assigned,SID-2 Loading Point,72.5,15.5
WGN-0692,BOST,53.6,In Transit,Chandrapura Junction,91.1,4.6
WGN-0693,BOST,53.4,Assigned,SY-A North Block,83.9,13.3
WGN-0694,BOST,52.0,Assigned,SID-1 Loading Point,73.7,7.5
WGN-0695,BOST,51.5,In Transit,Dhanbad Junction,82.7,5.8
WGN-0696,BOST,53.0,In Transit,Dhanbad Junction,82.1,16.3
WGN-0697,BOST,52.7,Assigned,SY-A North Block,87.9,2.2
WGN-0698,BOST,51.0,Assigned,SID-3 Loading Point,81.8,6.0
WGN-0699,BOST,52.5,Assigned,SY-C East Block,80.8,19.9
WGN-0700,BOST,51.0,Assigned,SY-A North Block,92.9,4.1
WGN-0701,BOST,53.6,Assigned,SY-C East Block,95.9,14.8
WGN-0702,BOST,50.5,Assigned,SY-A North Block,95.7,5.5
WGN-0703,BOST,51.9,Assigned,SID-4 Loading Point,77.8,7.1
WGN-0704,BOST,52.2,Assigned,SID-4 Loading Point,91.9,7.9
WGN-0705,BOST,53.3,Assigned,SID-6 Loading Point,73.5,19.8
WGN-0706,BOST,53.4,Maintenance,Loco/Wagon Repair Shed,93.0,17.6
WGN-0707,BOST,51.4,Assigned,SY-A North Block,83.8,3.6
WGN-0708,BOST,53.1,Assigned,SID-3 Loading Point,86.2,15.5
WGN-0709,BOST,50.4,Assigned,SID-1 Loading Point,91.8,9.5
WGN-0710,BOST,51.2,In Transit,Bokaro Junction,95.5,13.6
WGN-0711,BOST,50.2,Available,SID-6 Loading Point,91.8,19.9
WGN-0712,BOST,53.4,Assigned,SID-4 Loading Point,78.0,14.8
WGN-0713,BOST,50.1,Assigned,SID-5 Loading Point,93.7,3.5
WGN-0714,BOST,51.8,Assigned,SID-6 Loading Point,72.6,4.3
WGN-0715,BOST,50.1,Assigned,SID-1 Loading Point,75.6,17.9
WGN-0716,BOST,53.5,Maintenance,Loco/Wagon Repair Shed,74.7,2.0
WGN-0717,BOST,52.3,Assigned,SID-2 Loading Point,77.1,4.1
WGN-0718,BOST,51.5,Assigned,SY-A North Block,97.8,7.4
WGN-0719,BOST,53.9,Maintenance,Loco/Wagon Repair Shed,89.6,17.2
WGN-0720,BOST,50.9,Assigned,SID-4 Loading Point,73.6,16.0
WGN-0721,BOST,50.6,Assigned,SY-B South Block,79.2,3.7
WGN-0722,BOST,53.1,Assigned,SY-C East Block,72.0,17.7
WGN-0723,BOST,53.7,In Transit,Chandrapura Junction,79.9,6.5
WGN-0724,BOST,50.0,Assigned,SY-A North Block,70.3,9.1
WGN-0725,BOST,51.7,Available,SID-5 Loading Point,86.5,16.1
WGN-0726,BOST,52.3,Assigned,SY-B South Block,97.9,14.2
WGN-0727,BOST,52.7,Maintenance,Loco/Wagon Repair Shed,71.1,15.2
WGN-0728,BOST,52.1,Assigned,SY-B South Block,97.6,8.4
WGN-0729,BOST,50.8,Assigned,SID-2 Loading Point,93.9,15.0
WGN-0730,BOST,51.8,In Transit,Dhanbad Junction,75.5,3.8
WGN-0731,BOST,50.8,Assigned,SID-6 Loading Point,75.2,6.0
WGN-0732,BOST,51.8,Assigned,SID-4 Loading Point,79.4,19.6
WGN-0733,BOST,52.2,Maintenance,Loco/Wagon Repair Shed,78.9,9.5
WGN-0734,BOST,53.6,Assigned,SID-6 Loading Point,85.2,13.8
WGN-0735,BOST,50.0,In Transit,Bokaro Junction,86.7,7.6
WGN-0736,BOST,53.1,Assigned,SID-5 Loading Point,80.7,14.6
WGN-0737,BOST,53.6,Assigned,SID-5 Loading Point,88.2,6.7
WGN-0738,BOST,53.9,Assigned,SID-4 Loading Point,72.4,11.3
WGN-0739,BOST,53.4,Assigned,SID-3 Loading Point,92.4,13.0
WGN-0740,BOST,53.2,Assigned,SID-4 Loading Point,88.3,12.7
WGN-0741,BOST,53.6,Assigned,SY-A North Block,81.4,3.8
WGN-0742,BOST,53.6,Assigned,SY-B South Block,83.3,3.7
WGN-0743,BOST,51.4,Assigned,SY-A North Block,72.9,18.9
WGN-0744,BOST,51.3,In Transit,Dhanbad Junction,81.8,5.9
WGN-0745,BOST,50.8,Available,SID-4 Loading Point,81.4,18.8
WGN-0746,BOST,50.8,Assigned,SY-A North Block,72.3,17.4
WGN-0747,BOST,51.4,Assigned,SID-5 Loading Point,76.7,14.7
WGN-0748,BOST,53.5,Assigned,SY-A North Block,82.9,11.4
WGN-0749,BOST,52.4,Assigned,SY-B South Block,98.0,4.1
WGN-0750,BOST,51.5,Available,SID-3 Loading Point,83.5,18.4
WGN-0751,BOST,51.6,Available,SID-4 Loading Point,75.8,5.7
WGN-0752,BOST,50.9,In Transit,Bokaro Junction,93.3,19.6
WGN-0753,BOST,51.6,Assigned,SID-4 Loading Point,88.7,3.0
WGN-0754,BOST,52.2,Assigned,SY-A North Block,86.1,19.7
WGN-0755,BOST,51.5,Available,SID-2 Loading Point,84.8,8.5
WGN-0756,BOST,53.3,Assigned,SID-2 Loading Point,74.9,17.3
WGN-0757,BOST,52.9,Assigned,SID-2 Loading Point,92.1,10.2
WGN-0758,BOST,52.7,In Transit,Chandrapura Junction,75.6,15.2
WGN-0759,BOST,54.0,Assigned,SID-3 Loading Point,73.5,11.8
WGN-0760,BOST,53.4,Available,SID-4 Loading Point,81.3,12.7
WGN-0761,BOST,52.2,Assigned,SID-4 Loading Point,87.9,14.1
WGN-0762,BOST,52.1,Assigned,SID-6 Loading Point,90.5,19.3
WGN-0763,BOST,51.4,Assigned,SY-C East Block,96.2,13.6
WGN-0764,BOST,51.1,Available,SID-1 Loading Point,90.5,18.8
WGN-0765,BOST,52.7,In Transit,Chandrapura Junction,87.1,6.4
WGN-0766,BOST,50.0,Assigned,SY-B South Block,82.4,17.9
WGN-0767,BOST,50.5,Available,SID-6 Loading Point,93.7,17.9
WGN-0768,BOST,50.7,Available,SID-4 Loading Point,71.4,2.1
WGN-0769,BOST,53.0,Maintenance,Loco/Wagon Repair Shed,95.5,3.7
WGN-0770,BOST,52.0,Assigned,SID-5 Loading Point,94.9,17.5
WGN-0771,BOST,50.3,Assigned,SY-A North Block,91.7,10.9
WGN-0772,BOST,51.4,Assigned,SID-4 Loading Point,73.6,9.3
WGN-0773,BOST,50.1,In Transit,Chandrapura Junction,88.0,4.4
WGN-0774,BOST,52.6,Assigned,SID-4 Loading Point,85.3,9.0
WGN-0775,BOST,52.8,Available,SID-4 Loading Point,75.9,9.8
WGN-0776,BOST,53.3,Assigned,SID-3 Loading Point,81.7,20.0
WGN-0777,BOST,52.5,Maintenance,Loco/Wagon Repair Shed,83.6,13.2
WGN-0778,BOST,51.8,Assigned,SID-6 Loading Point,89.5,5.4
WGN-0779,BOST,53.5,Assigned,SID-3 Loading Point,87.2,16.5
WGN-0780,BOST,50.5,Assigned,SID-1 Loading Point,79.4,17.9
WGN-0781,BOST,53.3,Assigned,SY-C East Block,90.2,2.7
WGN-0782,BOST,50.2,Assigned,SID-4 Loading Point,76.3,2.0
WGN-0783,BOST,52.1,Assigned,SID-5 Loading Point,79.9,10.3
WGN-0784,BOST,52.7,Assigned,SID-6 Loading Point,94.1,14.2
WGN-0785,BOST,50.7,Assigned,SY-C East Block,82.2,3.4
WGN-0786,BOST,52.4,Assigned,SID-1 Loading Point,75.7,15.9
WGN-0787,BOST,52.0,Assigned,SID-1 Loading Point,70.1,4.9
WGN-0788,BOST,51.7,In Transit,Bokaro Junction,95.6,9.6
WGN-0789,BOST,51.2,Maintenance,Loco/Wagon Repair Shed,73.7,19.3
WGN-0790,BOST,51.9,Assigned,SY-A North Block,94.7,19.9
WGN-0791,BOST,53.1,Available,SID-4 Loading Point,93.7,15.2
WGN-0792,BOST,50.0,In Transit,Dhanbad Junction,87.5,19.1
WGN-0793,BOST,53.4,Assigned,SID-1 Loading Point,81.4,9.5
WGN-0794,BOST,51.2,Assigned,SID-2 Loading Point,80.5,10.5
WGN-0795,BOST,51.0,Assigned,SID-2 Loading Point,73.1,8.7
WGN-0796,BOST,52.7,Assigned,SY-B South Block,77.5,17.6
WGN-0797,BOST,53.0,Assigned,SID-1 Loading Point,73.5,7.4
WGN-0798,BOST,52.5,Assigned,SY-C East Block,71.0,6.1
WGN-0799,BOST,53.1,In Transit,Gomoh Junction,72.7,13.2
WGN-0800,BOST,50.6,Available,SID-1 Loading Point,82.5,7.0
WGN-0801,BTPN,49.1,Assigned,SID-5 Loading Point,86.1,19.7
WGN-0802,BTPN,48.8,Assigned,SID-5 Loading Point,74.3,7.8
WGN-0803,BTPN,51.1,Available,SID-5 Loading Point,78.7,8.7
WGN-0804,BTPN,48.2,Assigned,SID-4 Loading Point,71.4,7.9
WGN-0805,BTPN,50.4,Available,SID-1 Loading Point,86.6,15.0
WGN-0806,BTPN,49.0,Assigned,SID-4 Loading Point,89.6,2.1
WGN-0807,BTPN,49.4,Available,SID-2 Loading Point,90.0,3.3
WGN-0808,BTPN,49.8,Assigned,SID-6 Loading Point,95.4,10.6
WGN-0809,BTPN,50.2,Available,SID-3 Loading Point,77.2,3.0
WGN-0810,BTPN,49.7,Available,SID-2 Loading Point,79.3,13.7
WGN-0811,BTPN,49.9,Assigned,SY-A North Block,81.0,8.9
WGN-0812,BTPN,48.9,Assigned,SY-C East Block,71.8,2.7
WGN-0813,BTPN,50.4,In Transit,Chandrapura Junction,70.8,11.3
WGN-0814,BTPN,51.8,Available,SID-1 Loading Point,96.4,17.4
WGN-0815,BTPN,48.4,Assigned,SY-C East Block,96.5,4.1
WGN-0816,BTPN,50.5,Assigned,SID-3 Loading Point,90.1,7.7
WGN-0817,BTPN,51.4,Assigned,SY-B South Block,86.1,4.6
WGN-0818,BTPN,51.4,Assigned,SID-4 Loading Point,72.6,19.5
WGN-0819,BTPN,50.1,Assigned,SID-4 Loading Point,78.4,4.3
WGN-0820,BTPN,49.0,Assigned,SID-4 Loading Point,82.0,3.0
WGN-0821,BTPN,49.5,Available,SID-3 Loading Point,94.5,19.0
WGN-0822,BTPN,51.2,Assigned,SID-2 Loading Point,97.5,11.0
WGN-0823,BTPN,49.1,Assigned,SID-2 Loading Point,79.6,4.0
WGN-0824,BTPN,51.9,Assigned,SID-2 Loading Point,91.6,8.4
WGN-0825,BTPN,51.8,Assigned,SID-3 Loading Point,92.5,3.8
WGN-0826,BTPN,50.3,Assigned,SY-C East Block,91.7,15.7
WGN-0827,BTPN,50.4,Maintenance,Loco/Wagon Repair Shed,78.8,4.2
WGN-0828,BTPN,50.2,Available,SID-1 Loading Point,91.7,15.6
WGN-0829,BTPN,49.1,Assigned,SID-1 Loading Point,86.6,3.7
WGN-0830,BTPN,48.5,Assigned,SID-1 Loading Point,79.0,10.1
WGN-0831,BTPN,48.6,Assigned,SY-C East Block,93.4,9.6
WGN-0832,BTPN,50.5,Assigned,SY-B South Block,95.8,10.2
WGN-0833,BTPN,48.5,In Transit,Chandrapura Junction,92.2,17.5
WGN-0834,BTPN,49.6,Assigned,SY-C East Block,75.9,14.5
WGN-0835,BTPN,50.6,Assigned,SY-C East Block,91.1,14.2
WGN-0836,BTPN,51.0,Assigned,SID-2 Loading Point,95.2,15.4
WGN-0837,BTPN,51.4,Available,SID-6 Loading Point,70.9,2.7
WGN-0838,BTPN,50.1,Available,SID-2 Loading Point,97.0,5.6
WGN-0839,BTPN,49.3,Assigned,SID-1 Loading Point,86.6,13.5
WGN-0840,BTPN,48.7,Assigned,SID-3 Loading Point,76.8,16.2
WGN-0841,BTPN,52.0,In Transit,Bokaro Junction,89.7,16.9
WGN-0842,BTPN,51.1,Assigned,SY-A North Block,92.2,14.6
WGN-0843,BTPN,50.5,In Transit,Gomoh Junction,96.1,3.0
WGN-0844,BTPN,49.0,Assigned,SY-A North Block,94.0,16.3
WGN-0845,BTPN,48.3,Assigned,SID-4 Loading Point,86.6,15.1
WGN-0846,BTPN,49.7,Assigned,SID-3 Loading Point,90.8,8.0
WGN-0847,BTPN,50.7,Assigned,SID-4 Loading Point,87.3,10.2
WGN-0848,BTPN,49.9,Assigned,SY-C East Block,79.9,7.2
WGN-0849,BTPN,49.8,Assigned,SID-2 Loading Point,83.7,6.5
WGN-0850,BTPN,51.5,Available,SID-3 Loading Point,71.8,17.5
WGN-0851,BTPN,51.9,Assigned,SY-C East Block,88.0,15.7
WGN-0852,BTPN,51.3,Assigned,SID-6 Loading Point,82.7,10.4
WGN-0853,BTPN,48.6,Available,SID-1 Loading Point,72.1,14.2
WGN-0854,BTPN,48.8,Assigned,SID-6 Loading Point,80.3,8.4
WGN-0855,BTPN,49.8,Assigned,SID-6 Loading Point,95.6,6.9
WGN-0856,BTPN,49.2,Available,SID-5 Loading Point,72.1,18.6
WGN-0857,BTPN,49.1,Assigned,SY-A North Block,83.0,12.6
WGN-0858,BTPN,50.0,Assigned,SID-2 Loading Point,91.7,3.1
WGN-0859,BTPN,50.6,Assigned,SID-1 Loading Point,70.5,7.2
WGN-0860,BTPN,49.9,Assigned,SY-A North Block,96.9,17.6
WGN-0861,BTPN,49.2,Available,SID-4 Loading Point,88.4,8.6
WGN-0862,BTPN,50.9,In Transit,Chandrapura Junction,75.6,7.6
WGN-0863,BTPN,49.8,Assigned,SY-C East Block,84.4,4.7
WGN-0864,BTPN,49.9,Assigned,SID-5 Loading Point,93.2,3.5
WGN-0865,BTPN,51.7,Available,SID-5 Loading Point,96.5,7.8
WGN-0866,BTPN,48.2,In Transit,Gomoh Junction,97.9,13.0
WGN-0867,BTPN,51.6,Assigned,SY-A North Block,74.9,19.6
WGN-0868,BTPN,48.1,In Transit,Gomoh Junction,73.3,16.7
WGN-0869,BTPN,49.7,Assigned,SID-2 Loading Point,80.2,17.6
WGN-0870,BTPN,51.0,Assigned,SY-A North Block,92.8,15.6
WGN-0871,BTPN,49.8,Assigned,SID-1 Loading Point,85.4,3.6
WGN-0872,BTPN,49.2,Assigned,SY-A North Block,90.2,7.4
WGN-0873,BTPN,49.5,Maintenance,Loco/Wagon Repair Shed,87.2,9.4
WGN-0874,BTPN,51.9,Assigned,SY-B South Block,76.2,5.4
WGN-0875,BTPN,48.7,Assigned,SY-C East Block,93.0,19.7
WGN-0876,BTPN,48.2,Assigned,SID-5 Loading Point,73.3,2.8
WGN-0877,BTPN,50.9,Assigned,SID-4 Loading Point,77.1,17.1
WGN-0878,BTPN,49.1,Assigned,SID-2 Loading Point,70.4,5.5
WGN-0879,BTPN,48.1,Available,SID-5 Loading Point,98.0,4.0
WGN-0880,BTPN,48.6,Available,SID-6 Loading Point,84.0,11.0
WGN-0881,BTPN,50.0,Assigned,SY-A North Block,77.4,10.1
WGN-0882,BTPN,51.9,Assigned,SID-6 Loading Point,74.6,9.4
WGN-0883,BTPN,48.3,Available,SID-6 Loading Point,70.5,13.6
WGN-0884,BTPN,48.3,Assigned,SID-6 Loading Point,94.6,8.6
WGN-0885,BTPN,51.9,Assigned,SY-C East Block,91.4,8.1
WGN-0886,BTPN,48.0,Assigned,SY-C East Block,98.0,13.3
WGN-0887,BTPN,51.5,Assigned,SID-1 Loading Point,87.1,10.6
WGN-0888,BTPN,48.9,Available,SID-6 Loading Point,94.6,7.7
WGN-0889,BTPN,48.6,Assigned,SID-2 Loading Point,79.4,15.1
WGN-0890,BTPN,50.9,Assigned,SID-3 Loading Point,88.6,14.4
WGN-0891,BTPN,49.3,Available,SID-5 Loading Point,78.7,2.2
WGN-0892,BTPN,49.1,Assigned,SY-B South Block,92.4,5.8
WGN-0893,BTPN,51.1,Assigned,SY-C East Block,82.5,6.3
WGN-0894,BTPN,50.9,Assigned,SID-3 Loading Point,85.3,3.7
WGN-0895,BTPN,48.7,Assigned,SY-B South Block,95.9,9.6
WGN-0896,BTPN,50.6,Assigned,SID-2 Loading Point,93.2,14.0
WGN-0897,BTPN,51.4,Assigned,SID-5 Loading Point,86.3,15.7
WGN-0898,BTPN,51.9,Assigned,SY-B South Block,73.8,15.7
WGN-0899,BTPN,49.4,Available,SID-6 Loading Point,82.7,4.1
WGN-0900,BTPN,51.8,Assigned,SID-3 Loading Point,80.2,9.9
WGN-0901,BTPN,48.4,Assigned,SID-5 Loading Point,78.9,6.8
WGN-0902,BTPN,49.1,Available,SID-4 Loading Point,85.3,8.7
WGN-0903,BTPN,48.8,Assigned,SID-2 Loading Point,93.6,13.3
WGN-0904,BTPN,51.0,Assigned,SID-5 Loading Point,94.2,12.0
WGN-0905,BTPN,51.7,Assigned,SY-A North Block,70.6,3.8
WGN-0906,BTPN,48.9,Assigned,SID-5 Loading Point,94.9,7.9
WGN-0907,BTPN,51.0,Assigned,SID-1 Loading Point,80.6,17.2
WGN-0908,BTPN,48.1,Assigned,SY-B South Block,75.2,7.8
WGN-0909,BTPN,51.8,Assigned,SID-6 Loading Point,82.5,11.3
WGN-0910,BTPN,49.6,Assigned,SID-2 Loading Point,96.1,9.9
WGN-0911,BTPN,50.9,Assigned,SID-6 Loading Point,89.3,16.2
WGN-0912,BTPN,51.4,Assigned,SID-4 Loading Point,87.4,11.6
WGN-0913,BTPN,51.1,Assigned,SY-B South Block,74.7,15.5
WGN-0914,BTPN,48.6,In Transit,Dhanbad Junction,81.3,14.7
WGN-0915,BTPN,50.1,Assigned,SY-B South Block,80.4,11.5
WGN-0916,BTPN,48.5,Assigned,SY-A North Block,71.6,4.6
WGN-0917,BTPN,49.7,Maintenance,Loco/Wagon Repair Shed,81.6,18.4
WGN-0918,BTPN,49.1,Available,SID-6 Loading Point,73.7,19.8
WGN-0919,BTPN,50.6,Assigned,SY-C East Block,80.0,5.7
WGN-0920,BTPN,49.4,Assigned,SID-4 Loading Point,95.5,9.4
WGN-0921,BTPN,50.9,Assigned,SID-5 Loading Point,79.4,3.5
WGN-0922,BTPN,48.4,Assigned,SID-5 Loading Point,97.5,8.3
WGN-0923,BTPN,48.6,Assigned,SID-3 Loading Point,92.6,19.5
WGN-0924,BTPN,49.5,Available,SID-4 Loading Point,79.9,7.0
WGN-0925,BTPN,48.0,Assigned,SID-2 Loading Point,83.4,14.6
WGN-0926,BTPN,50.0,Assigned,SID-3 Loading Point,86.4,8.6
WGN-0927,BTPN,48.9,Assigned,SY-C East Block,80.4,14.1
WGN-0928,BTPN,48.7,Assigned,SID-5 Loading Point,93.5,3.1
WGN-0929,BTPN,49.5,Assigned,SID-2 Loading Point,94.5,19.3
WGN-0930,BTPN,49.5,Assigned,SY-C East Block,71.9,5.8
WGN-0931,BTPN,51.6,Assigned,SY-A North Block,92.6,9.6
WGN-0932,BTPN,51.6,In Transit,Dhanbad Junction,95.2,13.5
WGN-0933,BTPN,48.0,In Transit,Dhanbad Junction,72.1,15.1
WGN-0934,BTPN,48.4,Assigned,SID-4 Loading Point,89.7,7.6
WGN-0935,BTPN,50.3,Assigned,SID-4 Loading Point,84.8,18.6
WGN-0936,BTPN,51.0,Assigned,SY-B South Block,89.2,15.0
WGN-0937,BTPN,51.8,Assigned,SY-A North Block,97.0,12.5
WGN-0938,BTPN,50.1,Available,SID-2 Loading Point,88.4,19.5
WGN-0939,BTPN,50.8,Assigned,SID-2 Loading Point,75.1,18.4
WGN-0940,BTPN,49.1,Assigned,SID-5 Loading Point,93.1,15.1
WGN-0941,BTPN,48.9,Assigned,SY-A North Block,88.1,3.7
WGN-0942,BTPN,48.2,Assigned,SID-6 Loading Point,83.9,14.0
WGN-0943,BTPN,49.5,Assigned,SY-B South Block,86.2,12.1
WGN-0944,BTPN,49.4,In Transit,Dhanbad Junction,86.2,19.0
WGN-0945,BTPN,51.1,Assigned,SY-A North Block,80.6,4.1
WGN-0946,BTPN,51.1,Assigned,SID-1 Loading Point,75.4,15.8
WGN-0947,BTPN,48.1,Assigned,SY-C East Block,83.2,4.3
WGN-0948,BTPN,51.6,Assigned,SID-2 Loading Point,70.7,5.1
WGN-0949,BTPN,49.4,Assigned,SY-A North Block,88.8,19.6
WGN-0950,BTPN,49.0,Assigned,SID-1 Loading Point,87.1,9.6
WGN-0951,BTPN,49.5,Assigned,SY-C East Block,95.6,13.7
WGN-0952,BTPN,48.5,Assigned,SY-B South Block,73.5,6.9
WGN-0953,BTPN,51.2,Assigned,SID-5 Loading Point,91.8,3.9
WGN-0954,BTPN,48.8,Assigned,SID-3 Loading Point,95.5,18.5
WGN-0955,BTPN,48.8,Assigned,SY-B South Block,78.4,19.0
WGN-0956,BTPN,51.5,Maintenance,Loco/Wagon Repair Shed,89.7,10.5
WGN-0957,BTPN,48.4,Assigned,SID-1 Loading Point,73.2,15.1
WGN-0958,BTPN,51.3,Assigned,SID-3 Loading Point,92.5,2.6
WGN-0959,BTPN,48.8,Assigned,SY-A North Block,82.9,18.1
WGN-0960,BTPN,48.1,Assigned,SID-5 Loading Point,84.7,6.5
